source_url,target_url,status_code,preserve_query_string,include_subdomains,subpath_matching,preserve_path_suffix
blog.cornerstonediscovery.com/recent/news/2015/02/01/recent-news-article-4-inagural.html,https://cornerstonediscovery.com/jason-silva-now-director-of-operations/,301,FALSE,FALSE,FALSE,FALSE
www.thetechgazette.com/single-post/2015/02/01/jason-silva-now-director-of-operations,https://cornerstonediscovery.com/jason-silva-now-director-of-operations/,301,FALSE,FALSE,FALSE,FALSE
thetechgazette.com/single-post/2015/02/01/jason-silva-now-director-of-operations,https://cornerstonediscovery.com/jason-silva-now-director-of-operations/,301,FALSE,FALSE,FALSE,FALSE
blog.cornerstonediscovery.com/recent/news/2015/02/01/recent-news-article-3-inagural.html,https://cornerstonediscovery.com/sean-morgan-now-director-litigation-trial-technology/,301,FALSE,FALSE,FALSE,FALSE
www.thetechgazette.com/single-post/2015/02/01/sean-morgan-now-director-litigation-trial-technology,https://cornerstonediscovery.com/sean-morgan-now-director-litigation-trial-technology/,301,FALSE,FALSE,FALSE,FALSE
thetechgazette.com/single-post/2015/02/01/sean-morgan-now-director-litigation-trial-technology,https://cornerstonediscovery.com/sean-morgan-now-director-litigation-trial-technology/,301,FALSE,FALSE,FALSE,FALSE
blog.cornerstonediscovery.com/recent/news/2015/02/05/recent-news-article-2-inagural .html,https://cornerstonediscovery.com/cornerstone-discovery-attends-legaltech-new-york-2015/,301,FALSE,FALSE,FALSE,FALSE
www.thetechgazette.com/single-post/2015/02/05/cornerstone-discovery-attends-legaltech-new-york-2015,https://cornerstonediscovery.com/cornerstone-discovery-attends-legaltech-new-york-2015/,301,FALSE,FALSE,FALSE,FALSE
thetechgazette.com/single-post/2015/02/05/cornerstone-discovery-attends-legaltech-new-york-2015,https://cornerstonediscovery.com/cornerstone-discovery-attends-legaltech-new-york-2015/,301,FALSE,FALSE,FALSE,FALSE
blog.cornerstonediscovery.com/visions/&/trends/2015/04/07/Visions-Trends1interview-inagural.html,https://cornerstonediscovery.com/an-interview-with-louis-cinquanto/,301,FALSE,FALSE,FALSE,FALSE
www.thetechgazette.com/single-post/2015/04/07/an-interview-with-louis-cinquanto,https://cornerstonediscovery.com/an-interview-with-louis-cinquanto/,301,FALSE,FALSE,FALSE,FALSE
thetechgazette.com/single-post/2015/04/07/an-interview-with-louis-cinquanto,https://cornerstonediscovery.com/an-interview-with-louis-cinquanto/,301,FALSE,FALSE,FALSE,FALSE
blog.cornerstonediscovery.com/case/summaries/2015/04/07/news-case-summary-1-inagural.html,https://cornerstonediscovery.com/coordinating-discovery-attorney-in-criminal-case-rejected/,301,FALSE,FALSE,FALSE,FALSE
www.thetechgazette.com/single-post/2015/04/07/COORDINATING-DISCOVERY-ATTORNEY-IN-CRIMINAL-CASE-REJECTED,https://cornerstonediscovery.com/coordinating-discovery-attorney-in-criminal-case-rejected/,301,FALSE,FALSE,FALSE,FALSE
thetechgazette.com/single-post/2015/04/07/COORDINATING-DISCOVERY-ATTORNEY-IN-CRIMINAL-CASE-REJECTED,https://cornerstonediscovery.com/coordinating-discovery-attorney-in-criminal-case-rejected/,301,FALSE,FALSE,FALSE,FALSE
www.thetechgazette.com/single-post/2015/04/07/coordinating-discovery-attorney-in-criminal-case-rejected,https://cornerstonediscovery.com/coordinating-discovery-attorney-in-criminal-case-rejected/,301,FALSE,FALSE,FALSE,FALSE
thetechgazette.com/single-post/2015/04/07/coordinating-discovery-attorney-in-criminal-case-rejected,https://cornerstonediscovery.com/coordinating-discovery-attorney-in-criminal-case-rejected/,301,FALSE,FALSE,FALSE,FALSE
blog.cornerstonediscovery.com/case/summaries/2015/04/07/news-case-summary-2-inagural.html,https://cornerstonediscovery.com/digital-forensics-analysis-not-required-under-right-to-know-request/,301,FALSE,FALSE,FALSE,FALSE
www.thetechgazette.com/single-post/2015/04/07/digital-forensics-analysis-not-required-under-right-to-know-request,https://cornerstonediscovery.com/digital-forensics-analysis-not-required-under-right-to-know-request/,301,FALSE,FALSE,FALSE,FALSE
thetechgazette.com/single-post/2015/04/07/digital-forensics-analysis-not-required-under-right-to-know-request,https://cornerstonediscovery.com/digital-forensics-analysis-not-required-under-right-to-know-request/,301,FALSE,FALSE,FALSE,FALSE
blog.cornerstonediscovery.com/case/summaries/2015/04/07/news-case-summary-3-inagural.html,https://cornerstonediscovery.com/personal-emails-to-attorney-on-companys-computer-network-are-privileged/,301,FALSE,FALSE,FALSE,FALSE
www.thetechgazette.com/single-post/2015/04/07/PERSONAL-EMAILS-TO-ATTORNEY-ON-COMPANYS-COMPUTER-NETWORK-ARE-PRIVILEGED,https://cornerstonediscovery.com/personal-emails-to-attorney-on-companys-computer-network-are-privileged/,301,FALSE,FALSE,FALSE,FALSE
thetechgazette.com/single-post/2015/04/07/PERSONAL-EMAILS-TO-ATTORNEY-ON-COMPANYS-COMPUTER-NETWORK-ARE-PRIVILEGED,https://cornerstonediscovery.com/personal-emails-to-attorney-on-companys-computer-network-are-privileged/,301,FALSE,FALSE,FALSE,FALSE
www.thetechgazette.com/single-post/2015/04/07/personal-emails-to-attorney-on-companys-computer-network-are-privileged,https://cornerstonediscovery.com/personal-emails-to-attorney-on-companys-computer-network-are-privileged/,301,FALSE,FALSE,FALSE,FALSE
thetechgazette.com/single-post/2015/04/07/personal-emails-to-attorney-on-companys-computer-network-are-privileged,https://cornerstonediscovery.com/personal-emails-to-attorney-on-companys-computer-network-are-privileged/,301,FALSE,FALSE,FALSE,FALSE
blog.cornerstonediscovery.com/recent/news/2015/05/01/blog-JTAG-CHIP.html,https://cornerstonediscovery.com/improve-turnaround-times-on-cases-involving-mobile-devices/,301,FALSE,FALSE,FALSE,FALSE
www.thetechgazette.com/single-post/2015/05/01/improve-turnaround-times-on-cases-involving-mobile-devices,https://cornerstonediscovery.com/improve-turnaround-times-on-cases-involving-mobile-devices/,301,FALSE,FALSE,FALSE,FALSE
thetechgazette.com/single-post/2015/05/01/improve-turnaround-times-on-cases-involving-mobile-devices,https://cornerstonediscovery.com/improve-turnaround-times-on-cases-involving-mobile-devices/,301,FALSE,FALSE,FALSE,FALSE
blog.cornerstonediscovery.com/case/summaries/2015/06/01/Florida-Federal-Court-Orders-Deposition.html,https://cornerstonediscovery.com/court-appointed-forensic-expert-to-explore-spoliation-in-complex-esi-case/,301,FALSE,FALSE,FALSE,FALSE
www.thetechgazette.com/single-post/2015/06/01/court-appointed-forensic-expert-to-explore-spoliation-in-complex-esi-case,https://cornerstonediscovery.com/court-appointed-forensic-expert-to-explore-spoliation-in-complex-esi-case/,301,FALSE,FALSE,FALSE,FALSE
thetechgazette.com/single-post/2015/06/01/court-appointed-forensic-expert-to-explore-spoliation-in-complex-esi-case,https://cornerstonediscovery.com/court-appointed-forensic-expert-to-explore-spoliation-in-complex-esi-case/,301,FALSE,FALSE,FALSE,FALSE
blog.cornerstonediscovery.com/case/summaries/2015/06/01/Federal-Court-Also-Taxes-for-EDiscovery.html,https://cornerstonediscovery.com/federal-court-also-taxes-costs-for-e-discovery/,301,FALSE,FALSE,FALSE,FALSE
www.thetechgazette.com/single-post/2015/06/01/federal-court-also-taxes-costs-for-e-discovery,https://cornerstonediscovery.com/federal-court-also-taxes-costs-for-e-discovery/,301,FALSE,FALSE,FALSE,FALSE
thetechgazette.com/single-post/2015/06/01/federal-court-also-taxes-costs-for-e-discovery,https://cornerstonediscovery.com/federal-court-also-taxes-costs-for-e-discovery/,301,FALSE,FALSE,FALSE,FALSE
blog.cornerstonediscovery.com/case/summaries/2015/06/01/Sixth-Court-Thinks-Differently-Than.html,https://cornerstonediscovery.com/sixth-circuit-thinks-differently-than-third-circuit-on-e-discovery-costs/,301,FALSE,FALSE,FALSE,FALSE
www.thetechgazette.com/single-post/2015/06/01/sixth-circuit-thinks-differently-than-third-circuit-on-e-discovery-costs,https://cornerstonediscovery.com/sixth-circuit-thinks-differently-than-third-circuit-on-e-discovery-costs/,301,FALSE,FALSE,FALSE,FALSE
thetechgazette.com/single-post/2015/06/01/sixth-circuit-thinks-differently-than-third-circuit-on-e-discovery-costs,https://cornerstonediscovery.com/sixth-circuit-thinks-differently-than-third-circuit-on-e-discovery-costs/,301,FALSE,FALSE,FALSE,FALSE
blog.cornerstonediscovery.com/recent/news/2015/06/10/Crossing-the-US-Border-No-Right.html,https://cornerstonediscovery.com/when-you-cross-the-u-s-border-its-easy-for-officials-to-seize-your-data/,301,FALSE,FALSE,FALSE,FALSE
www.thetechgazette.com/single-post/2015/06/10/when-you-cross-the-us-border-it-s-easy-for-officials-to-seize-your-data,https://cornerstonediscovery.com/when-you-cross-the-u-s-border-its-easy-for-officials-to-seize-your-data/,301,FALSE,FALSE,FALSE,FALSE
thetechgazette.com/single-post/2015/06/10/when-you-cross-the-us-border-it-s-easy-for-officials-to-seize-your-data,https://cornerstonediscovery.com/when-you-cross-the-u-s-border-its-easy-for-officials-to-seize-your-data/,301,FALSE,FALSE,FALSE,FALSE
blog.cornerstonediscovery.com/visions/&/trends/2015/06/11/Recorded-Cell-Phone-Calls-under-PA-Wiretap-Act.html,https://cornerstonediscovery.com/recording-a-telephone-conversation-without-that-persons-consent/,301,FALSE,FALSE,FALSE,FALSE
www.thetechgazette.com/single-post/2015/06/11/recording-a-telephone-conversation-without-that-persons-consent,https://cornerstonediscovery.com/recording-a-telephone-conversation-without-that-persons-consent/,301,FALSE,FALSE,FALSE,FALSE
thetechgazette.com/single-post/2015/06/11/recording-a-telephone-conversation-without-that-persons-consent,https://cornerstonediscovery.com/recording-a-telephone-conversation-without-that-persons-consent/,301,FALSE,FALSE,FALSE,FALSE
blog.cornerstonediscovery.com/recent/news/2015/06/12/Facebookers-Beware-Are-they-Collecting.html,https://cornerstonediscovery.com/facebookers-beware-is-the-text-you-decided-not-to-post-being-collected/,301,FALSE,FALSE,FALSE,FALSE
www.thetechgazette.com/single-post/2015/06/12/facebookers-beware-is-the-text-you-decided-not-to-post-being-collected,https://cornerstonediscovery.com/facebookers-beware-is-the-text-you-decided-not-to-post-being-collected/,301,FALSE,FALSE,FALSE,FALSE
thetechgazette.com/single-post/2015/06/12/facebookers-beware-is-the-text-you-decided-not-to-post-being-collected,https://cornerstonediscovery.com/facebookers-beware-is-the-text-you-decided-not-to-post-being-collected/,301,FALSE,FALSE,FALSE,FALSE
blog.cornerstonediscovery.com/recent/news/2015/06/16/New-ACLU-Cellphone-App-Automatically.html,https://cornerstonediscovery.com/new-aclu-cellphone-app-automatically-preserves-video-of-police-encounters/,301,FALSE,FALSE,FALSE,FALSE
www.thetechgazette.com/single-post/2015/06/16/NEW-ACLU-CELLPHONE-APP-AUTOMATICALLY-PRESERVES-VIDEO-OF-POLICE-ENCOUNTERS,https://cornerstonediscovery.com/new-aclu-cellphone-app-automatically-preserves-video-of-police-encounters/,301,FALSE,FALSE,FALSE,FALSE
thetechgazette.com/single-post/2015/06/16/NEW-ACLU-CELLPHONE-APP-AUTOMATICALLY-PRESERVES-VIDEO-OF-POLICE-ENCOUNTERS,https://cornerstonediscovery.com/new-aclu-cellphone-app-automatically-preserves-video-of-police-encounters/,301,FALSE,FALSE,FALSE,FALSE
www.thetechgazette.com/single-post/2015/06/16/new-aclu-cellphone-app-automatically-preserves-video-of-police-encounters,https://cornerstonediscovery.com/new-aclu-cellphone-app-automatically-preserves-video-of-police-encounters/,301,FALSE,FALSE,FALSE,FALSE
thetechgazette.com/single-post/2015/06/16/new-aclu-cellphone-app-automatically-preserves-video-of-police-encounters,https://cornerstonediscovery.com/new-aclu-cellphone-app-automatically-preserves-video-of-police-encounters/,301,FALSE,FALSE,FALSE,FALSE
blog.cornerstonediscovery.com/recent/news/2015/06/22/Google-Hangouts-Can-Be-Wiretapped.html,https://cornerstonediscovery.com/can-google-hangouts-be-wiretapped/,301,FALSE,FALSE,FALSE,FALSE
www.thetechgazette.com/single-post/2016/09/30/can-google-hangouts-be-wiretapped,https://cornerstonediscovery.com/can-google-hangouts-be-wiretapped/,301,FALSE,FALSE,FALSE,FALSE
thetechgazette.com/single-post/2016/09/30/can-google-hangouts-be-wiretapped,https://cornerstonediscovery.com/can-google-hangouts-be-wiretapped/,301,FALSE,FALSE,FALSE,FALSE
blog.cornerstonediscovery.com/visions/&/trends/2015/06/23/JudgeTells-FBI-No-Two-Minute-Rule.html,https://cornerstonediscovery.com/judge-says-no-two-minute-rule-when-listening-in-on-personal-phone-calls/,301,FALSE,FALSE,FALSE,FALSE
www.thetechgazette.com/single-post/2016/09/30/judge-says-no-two-minute-rule-when-listening-in-on-personal-phone-calls,https://cornerstonediscovery.com/judge-says-no-two-minute-rule-when-listening-in-on-personal-phone-calls/,301,FALSE,FALSE,FALSE,FALSE
thetechgazette.com/single-post/2016/09/30/judge-says-no-two-minute-rule-when-listening-in-on-personal-phone-calls,https://cornerstonediscovery.com/judge-says-no-two-minute-rule-when-listening-in-on-personal-phone-calls/,301,FALSE,FALSE,FALSE,FALSE
blog.cornerstonediscovery.com/recent/news/2015/09/11/Jason-Wins-At-Spartan-with-Junto.html,https://cornerstonediscovery.com/always-up-for-the-challenge/,301,FALSE,FALSE,FALSE,FALSE
www.thetechgazette.com/single-post/2015/09/11/always-up-for-the-challenge,https://cornerstonediscovery.com/always-up-for-the-challenge/,301,FALSE,FALSE,FALSE,FALSE
thetechgazette.com/single-post/2015/09/11/always-up-for-the-challenge,https://cornerstonediscovery.com/always-up-for-the-challenge/,301,FALSE,FALSE,FALSE,FALSE
blog.cornerstonediscovery.com/recent/news/2015/11/02/Residual-Data-Devices-Sold-Online.html,https://cornerstonediscovery.com/sellers-beware-your-information-can-be-exposed-if-not-properly-destroyed-deleted-or-wiped/,301,FALSE,FALSE,FALSE,FALSE
www.thetechgazette.com/single-post/2015/11/02/sellers-beware-your-information-can-be-exposed-if-not-properly-destroyed-deleted-or-wiped,https://cornerstonediscovery.com/sellers-beware-your-information-can-be-exposed-if-not-properly-destroyed-deleted-or-wiped/,301,FALSE,FALSE,FALSE,FALSE
thetechgazette.com/single-post/2015/11/02/sellers-beware-your-information-can-be-exposed-if-not-properly-destroyed-deleted-or-wiped,https://cornerstonediscovery.com/sellers-beware-your-information-can-be-exposed-if-not-properly-destroyed-deleted-or-wiped/,301,FALSE,FALSE,FALSE,FALSE
blog.cornerstonediscovery.com/recent/news/2015/11/04/Collecting-Mobile-Data-Civil-Litigation.html,https://cornerstonediscovery.com/not-considering-collecting-mobile-data/,301,FALSE,FALSE,FALSE,FALSE
www.thetechgazette.com/single-post/2015/11/04/not-considering-collecting-mobile-data,https://cornerstonediscovery.com/not-considering-collecting-mobile-data/,301,FALSE,FALSE,FALSE,FALSE
thetechgazette.com/single-post/2015/11/04/not-considering-collecting-mobile-data,https://cornerstonediscovery.com/not-considering-collecting-mobile-data/,301,FALSE,FALSE,FALSE,FALSE
blog.cornerstonediscovery.com/recent/news/2015/11/06/Apple-iphone-privacy.html,https://cornerstonediscovery.com/sorry-judge-no-password-no-access/,301,FALSE,FALSE,FALSE,FALSE
www.thetechgazette.com/single-post/2015/11/06/sorry-judge-no-password-no-access,https://cornerstonediscovery.com/sorry-judge-no-password-no-access/,301,FALSE,FALSE,FALSE,FALSE
thetechgazette.com/single-post/2015/11/06/sorry-judge-no-password-no-access,https://cornerstonediscovery.com/sorry-judge-no-password-no-access/,301,FALSE,FALSE,FALSE,FALSE
blog.cornerstonediscovery.com/recent/news/2015/11/11/Honor-Veterns-Day.html,https://cornerstonediscovery.com/cornerstone-discovery-honors-all-military-veterans-who-served-we-salute-you/,301,FALSE,FALSE,FALSE,FALSE
www.thetechgazette.com/single-post/2015/11/11/cornerstone-discovery-honors-all-military-veterans-who-served-we-salute-you,https://cornerstonediscovery.com/cornerstone-discovery-honors-all-military-veterans-who-served-we-salute-you/,301,FALSE,FALSE,FALSE,FALSE
thetechgazette.com/single-post/2015/11/11/cornerstone-discovery-honors-all-military-veterans-who-served-we-salute-you,https://cornerstonediscovery.com/cornerstone-discovery-honors-all-military-veterans-who-served-we-salute-you/,301,FALSE,FALSE,FALSE,FALSE
blog.cornerstonediscovery.com/recent/news/2015/11/12/NFCS-Career-Day-2015-Nov.html,https://cornerstonediscovery.com/welcome-nfcs-students-for-the-5th-annual-career-shadow-day/,301,FALSE,FALSE,FALSE,FALSE
www.thetechgazette.com/single-post/2015/11/12/welcome-nfcs-students-for-the-5th-annual-career-shadow-day,https://cornerstonediscovery.com/welcome-nfcs-students-for-the-5th-annual-career-shadow-day/,301,FALSE,FALSE,FALSE,FALSE
thetechgazette.com/single-post/2015/11/12/welcome-nfcs-students-for-the-5th-annual-career-shadow-day,https://cornerstonediscovery.com/welcome-nfcs-students-for-the-5th-annual-career-shadow-day/,301,FALSE,FALSE,FALSE,FALSE
blog.cornerstonediscovery.com/recent/news/2015/11/18/Police-Can-Track-Your-Phone.html,https://cornerstonediscovery.com/do-the-police-need-a-warrant-to-track-your-cell-phone/,301,FALSE,FALSE,FALSE,FALSE
www.thetechgazette.com/single-post/2015/11/18/do-the-police-need-a-warrant-to-track-your-cell-phone,https://cornerstonediscovery.com/do-the-police-need-a-warrant-to-track-your-cell-phone/,301,FALSE,FALSE,FALSE,FALSE
thetechgazette.com/single-post/2015/11/18/do-the-police-need-a-warrant-to-track-your-cell-phone,https://cornerstonediscovery.com/do-the-police-need-a-warrant-to-track-your-cell-phone/,301,FALSE,FALSE,FALSE,FALSE
blog.cornerstonediscovery.com/recent/news/starwars/2015/12/17/Cornerstone-SpaceStation-Data-Breach.html,https://cornerstonediscovery.com/galactic-empire-suffers-massive-data-theft-worst-case-scenario/,301,FALSE,FALSE,FALSE,FALSE
www.thetechgazette.com/single-post/2016/09/30/galactic-empire-suffers-massive-data-theft-worst-case-scenario,https://cornerstonediscovery.com/galactic-empire-suffers-massive-data-theft-worst-case-scenario/,301,FALSE,FALSE,FALSE,FALSE
thetechgazette.com/single-post/2016/09/30/galactic-empire-suffers-massive-data-theft-worst-case-scenario,https://cornerstonediscovery.com/galactic-empire-suffers-massive-data-theft-worst-case-scenario/,301,FALSE,FALSE,FALSE,FALSE
blog.cornerstonediscovery.com/recent/news/2016/02/17/Fed-Judge-Orders-Apple-Backdoor.html,https://cornerstonediscovery.com/federal-judge-orders-apple-to-build-a-backdoor-to-iphone/,301,FALSE,FALSE,FALSE,FALSE
www.thetechgazette.com/single-post/2016/02/17/federal-judge-orders-apple-to-build-a-backdoor-to-iphone,https://cornerstonediscovery.com/federal-judge-orders-apple-to-build-a-backdoor-to-iphone/,301,FALSE,FALSE,FALSE,FALSE
thetechgazette.com/single-post/2016/02/17/federal-judge-orders-apple-to-build-a-backdoor-to-iphone,https://cornerstonediscovery.com/federal-judge-orders-apple-to-build-a-backdoor-to-iphone/,301,FALSE,FALSE,FALSE,FALSE
blog.cornerstonediscovery.com/recent/news/2016/02/19/Ransomware-CA-Hospital-Shut-Down.html,https://cornerstonediscovery.com/hackers-shut-down-hollywood-hospital-computer-network-ask-for-3-4-million-in-ransom-to-decrypt-sys/,301,FALSE,FALSE,FALSE,FALSE
www.thetechgazette.com/single-post/2016/02/19/hackers-shut-down-hollywood-hospital-computer-network-ask-for-34-million-in-ransom-to-dec,https://cornerstonediscovery.com/hackers-shut-down-hollywood-hospital-computer-network-ask-for-3-4-million-in-ransom-to-decrypt-sys/,301,FALSE,FALSE,FALSE,FALSE
thetechgazette.com/single-post/2016/02/19/hackers-shut-down-hollywood-hospital-computer-network-ask-for-34-million-in-ransom-to-dec,https://cornerstonediscovery.com/hackers-shut-down-hollywood-hospital-computer-network-ask-for-3-4-million-in-ransom-to-decrypt-sys/,301,FALSE,FALSE,FALSE,FALSE
blog.cornerstonediscovery.com/recent/news/2016/05/02/Texting-A-Distracted-Driver.html,https://cornerstonediscovery.com/texting-a-driver-in-pennsylvania-look-out-you-could-be-found-liable/,301,FALSE,FALSE,FALSE,FALSE
www.thetechgazette.com/single-post/2016/09/30/texting-a-driver-in-pennsylvania-look-out-you-could-be-found-liable,https://cornerstonediscovery.com/texting-a-driver-in-pennsylvania-look-out-you-could-be-found-liable/,301,FALSE,FALSE,FALSE,FALSE
thetechgazette.com/single-post/2016/09/30/texting-a-driver-in-pennsylvania-look-out-you-could-be-found-liable,https://cornerstonediscovery.com/texting-a-driver-in-pennsylvania-look-out-you-could-be-found-liable/,301,FALSE,FALSE,FALSE,FALSE
blog.cornerstonediscovery.com/recent/news/2016/06/10/FBI-Wants-Browser-History.html,https://cornerstonediscovery.com/the-fbi-is-going-after-your-browser-history-without-a-warrant/,301,FALSE,FALSE,FALSE,FALSE
www.thetechgazette.com/single-post/2016/06/10/the-fbi-is-going-after-your-browser-history-without-a-warrant,https://cornerstonediscovery.com/the-fbi-is-going-after-your-browser-history-without-a-warrant/,301,FALSE,FALSE,FALSE,FALSE
thetechgazette.com/single-post/2016/06/10/the-fbi-is-going-after-your-browser-history-without-a-warrant,https://cornerstonediscovery.com/the-fbi-is-going-after-your-browser-history-without-a-warrant/,301,FALSE,FALSE,FALSE,FALSE
blog.cornerstonediscovery.com/recent/news/2016/06/16/Trade-Secrets-Federal-Jurisdiction.html,https://cornerstonediscovery.com/trade-secrets-that-arent-so-secret-now-under-federal-jurisdiction/,301,FALSE,FALSE,FALSE,FALSE
www.thetechgazette.com/single-post/2016/06/16/trade-secrets-that-aren-t-so-secret-now-under-federal-jurisdiction,https://cornerstonediscovery.com/trade-secrets-that-arent-so-secret-now-under-federal-jurisdiction/,301,FALSE,FALSE,FALSE,FALSE
thetechgazette.com/single-post/2016/06/16/trade-secrets-that-aren-t-so-secret-now-under-federal-jurisdiction,https://cornerstonediscovery.com/trade-secrets-that-arent-so-secret-now-under-federal-jurisdiction/,301,FALSE,FALSE,FALSE,FALSE
blog.cornerstonediscovery.com/recent/news/2016/06/24/Forcing-Touch-ID.html,https://cornerstonediscovery.com/forcing-you-to-unlock-your-phone-using-your-fingerprint-breach-of-fifth-amendment-right/,301,FALSE,FALSE,FALSE,FALSE
www.thetechgazette.com/single-post/2016/06/24/forcing-you-to-unlock-your-phone-using-your-fingerprint-breach-of-fifth-amendment-right,https://cornerstonediscovery.com/forcing-you-to-unlock-your-phone-using-your-fingerprint-breach-of-fifth-amendment-right/,301,FALSE,FALSE,FALSE,FALSE
thetechgazette.com/single-post/2016/06/24/forcing-you-to-unlock-your-phone-using-your-fingerprint-breach-of-fifth-amendment-right,https://cornerstonediscovery.com/forcing-you-to-unlock-your-phone-using-your-fingerprint-breach-of-fifth-amendment-right/,301,FALSE,FALSE,FALSE,FALSE
blog.cornerstonediscovery.com/recent/news/2016/06/30/Pinpointing-A-Pirate.html,https://cornerstonediscovery.com/judge-decides-ip-address-not-enough-to-pinpoint-a-bittorrent-pirate/,301,FALSE,FALSE,FALSE,FALSE
www.thetechgazette.com/single-post/2016/09/30/judge-decides-ip-address-not-enough-to-pinpoint-a-bittorrent-pirate,https://cornerstonediscovery.com/judge-decides-ip-address-not-enough-to-pinpoint-a-bittorrent-pirate/,301,FALSE,FALSE,FALSE,FALSE
thetechgazette.com/single-post/2016/09/30/judge-decides-ip-address-not-enough-to-pinpoint-a-bittorrent-pirate,https://cornerstonediscovery.com/judge-decides-ip-address-not-enough-to-pinpoint-a-bittorrent-pirate/,301,FALSE,FALSE,FALSE,FALSE
blog.cornerstonediscovery.com/recent/news/2016/07/08/Trump-Email-Scandal.html,https://cornerstonediscovery.com/trump-accused-of-calling-clintons-kettle-black-for-destroying-email-evidence-himself/,301,FALSE,FALSE,FALSE,FALSE
www.thetechgazette.com/single-post/2016/07/08/trump-accused-of-calling-clintons-kettle-black-for-destroying-email-evidence-himself,https://cornerstonediscovery.com/trump-accused-of-calling-clintons-kettle-black-for-destroying-email-evidence-himself/,301,FALSE,FALSE,FALSE,FALSE
thetechgazette.com/single-post/2016/07/08/trump-accused-of-calling-clintons-kettle-black-for-destroying-email-evidence-himself,https://cornerstonediscovery.com/trump-accused-of-calling-clintons-kettle-black-for-destroying-email-evidence-himself/,301,FALSE,FALSE,FALSE,FALSE
blog.cornerstonediscovery.com/recent/news/2016/07/15/Being-Watched.html,https://cornerstonediscovery.com/built-in-cameras-may-be-offering-an-unauthorized-view-into-your-private-life/,301,FALSE,FALSE,FALSE,FALSE
www.thetechgazette.com/single-post/2016/07/15/built-in-cameras-may-be-offering-an-unauthorized-view-into-your-private-life,https://cornerstonediscovery.com/built-in-cameras-may-be-offering-an-unauthorized-view-into-your-private-life/,301,FALSE,FALSE,FALSE,FALSE
thetechgazette.com/single-post/2016/07/15/built-in-cameras-may-be-offering-an-unauthorized-view-into-your-private-life,https://cornerstonediscovery.com/built-in-cameras-may-be-offering-an-unauthorized-view-into-your-private-life/,301,FALSE,FALSE,FALSE,FALSE
blog.cornerstonediscovery.com/recent/news/2016/07/22/Introducing-F2-Forensics.html,https://cornerstonediscovery.com/introducing-f2-forensics-accurate-affordable-digital-forensic-program-now-servicing-the-tri-s/,301,FALSE,FALSE,FALSE,FALSE
www.thetechgazette.com/single-post/2016/07/22/introducing-f2-forensics-accurate-affordable-digital-forensic-program-now-servicing-the-t,https://cornerstonediscovery.com/introducing-f2-forensics-accurate-affordable-digital-forensic-program-now-servicing-the-tri-s/,301,FALSE,FALSE,FALSE,FALSE
thetechgazette.com/single-post/2016/07/22/introducing-f2-forensics-accurate-affordable-digital-forensic-program-now-servicing-the-t,https://cornerstonediscovery.com/introducing-f2-forensics-accurate-affordable-digital-forensic-program-now-servicing-the-tri-s/,301,FALSE,FALSE,FALSE,FALSE
blog.cornerstonediscovery.com/recent/news/2016/07/22/Google-Location.html,https://cornerstonediscovery.com/investigators-are-using-google-to-help-them-solve-crime/,301,FALSE,FALSE,FALSE,FALSE
www.thetechgazette.com/single-post/2016/07/22/investigators-are-using-google-to-help-them-solve-crime,https://cornerstonediscovery.com/investigators-are-using-google-to-help-them-solve-crime/,301,FALSE,FALSE,FALSE,FALSE
thetechgazette.com/single-post/2016/07/22/investigators-are-using-google-to-help-them-solve-crime,https://cornerstonediscovery.com/investigators-are-using-google-to-help-them-solve-crime/,301,FALSE,FALSE,FALSE,FALSE
blog.cornerstonediscovery.com/recent/news/2016/08/15/WayBack-Machine.html,https://cornerstonediscovery.com/vast-virtual-catalog-of-internet-history-you-didnt-know-existed/,301,FALSE,FALSE,FALSE,FALSE
www.thetechgazette.com/single-post/2016/03/29/this-is-the-title-of-your-fifth-post,https://cornerstonediscovery.com/vast-virtual-catalog-of-internet-history-you-didnt-know-existed/,301,FALSE,FALSE,FALSE,FALSE
thetechgazette.com/single-post/2016/03/29/this-is-the-title-of-your-fifth-post,https://cornerstonediscovery.com/vast-virtual-catalog-of-internet-history-you-didnt-know-existed/,301,FALSE,FALSE,FALSE,FALSE
blog.cornerstonediscovery.com/recent/news/2016/09/20/Future-of-Law.html,https://cornerstonediscovery.com/the-future-of-law-is-changing-technology-is-here-to-stay/,301,FALSE,FALSE,FALSE,FALSE
www.thetechgazette.com/single-post/2016/03/30/this-is-the-title-of-your-first-post,https://cornerstonediscovery.com/the-future-of-law-is-changing-technology-is-here-to-stay/,301,FALSE,FALSE,FALSE,FALSE
thetechgazette.com/single-post/2016/03/30/this-is-the-title-of-your-first-post,https://cornerstonediscovery.com/the-future-of-law-is-changing-technology-is-here-to-stay/,301,FALSE,FALSE,FALSE,FALSE
www.thetechgazette.com/single-post/2016/10/24/the-shifting-role-of-ediscovery-in-the-legal-space-as-seen-in-legal-it,https://cornerstonediscovery.com/the-shifting-role-of-e-discovery-in-the-legal-space/,301,FALSE,FALSE,FALSE,FALSE
thetechgazette.com/single-post/2016/10/24/the-shifting-role-of-ediscovery-in-the-legal-space-as-seen-in-legal-it,https://cornerstonediscovery.com/the-shifting-role-of-e-discovery-in-the-legal-space/,301,FALSE,FALSE,FALSE,FALSE
www.thetechgazette.com/single-post/2016/11/21/the-legal-intelligencers-best-of-2016,https://cornerstonediscovery.com/the-legal-intelligencers-best-of-2016/,301,FALSE,FALSE,FALSE,FALSE
thetechgazette.com/single-post/2016/11/21/the-legal-intelligencers-best-of-2016,https://cornerstonediscovery.com/the-legal-intelligencers-best-of-2016/,301,FALSE,FALSE,FALSE,FALSE
www.thetechgazette.com/single-post/2017/01/05/federal-rule-changes-ediscovery,https://cornerstonediscovery.com/new-federal-rule-changes-e-discovery-best-practices/,301,FALSE,FALSE,FALSE,FALSE
thetechgazette.com/single-post/2017/01/05/federal-rule-changes-ediscovery,https://cornerstonediscovery.com/new-federal-rule-changes-e-discovery-best-practices/,301,FALSE,FALSE,FALSE,FALSE
www.thetechgazette.com/single-post/2017/02/06/cornerstone-takes-on-legaltech-ny,https://cornerstonediscovery.com/cornerstone-discovery-takes-on-legaltech-ny/,301,FALSE,FALSE,FALSE,FALSE
thetechgazette.com/single-post/2017/02/06/cornerstone-takes-on-legaltech-ny,https://cornerstonediscovery.com/cornerstone-discovery-takes-on-legaltech-ny/,301,FALSE,FALSE,FALSE,FALSE
www.thetechgazette.com/single-post/2017/03/29/careful-what-you-say-to-alexa,https://cornerstonediscovery.com/careful-what-you-say-alexa-may-be-listening/,301,FALSE,FALSE,FALSE,FALSE
thetechgazette.com/single-post/2017/03/29/careful-what-you-say-to-alexa,https://cornerstonediscovery.com/careful-what-you-say-alexa-may-be-listening/,301,FALSE,FALSE,FALSE,FALSE
www.thetechgazette.com/single-post/2017/04/26/cornerstone-discovery-to-attend-pacdl-joint-annual-conference,https://cornerstonediscovery.com/cornerstone-discovery-to-attend-pacdl-joint-annual-conference/,301,FALSE,FALSE,FALSE,FALSE
thetechgazette.com/single-post/2017/04/26/cornerstone-discovery-to-attend-pacdl-joint-annual-conference,https://cornerstonediscovery.com/cornerstone-discovery-to-attend-pacdl-joint-annual-conference/,301,FALSE,FALSE,FALSE,FALSE
www.thetechgazette.com/single-post/2017/05/04/5-ways-rebels-can-gain-access-to-you-data-your-galactic-empire-may-not-be-as-secure-as-yo,https://cornerstonediscovery.com/your-galactic-empire-may-not-be-as-secure-as-you-think-5-ways-rebels-can-gain-access-to-your-data/,301,FALSE,FALSE,FALSE,FALSE
thetechgazette.com/single-post/2017/05/04/5-ways-rebels-can-gain-access-to-you-data-your-galactic-empire-may-not-be-as-secure-as-yo,https://cornerstonediscovery.com/your-galactic-empire-may-not-be-as-secure-as-you-think-5-ways-rebels-can-gain-access-to-your-data/,301,FALSE,FALSE,FALSE,FALSE
www.thetechgazette.com/single-post/2017/05/08/celebrating-lifelines-advocating-for-justice-cornerstone-discovery-supports-the-pennsylva,https://cornerstonediscovery.com/celebrating-lifelines-advocating-for-justice-cornerstone-discovery-supports-the-pennsylvania/,301,FALSE,FALSE,FALSE,FALSE
thetechgazette.com/single-post/2017/05/08/celebrating-lifelines-advocating-for-justice-cornerstone-discovery-supports-the-pennsylva,https://cornerstonediscovery.com/celebrating-lifelines-advocating-for-justice-cornerstone-discovery-supports-the-pennsylvania/,301,FALSE,FALSE,FALSE,FALSE
www.thetechgazette.com/single-post/2017/06/08/cornerstone-discoverys-insights-from-techno-security-digital-forensic-confrence,https://cornerstonediscovery.com/cornerstone-discoverys-insights-from-techno-security-digital-forensic-conference/,301,FALSE,FALSE,FALSE,FALSE
thetechgazette.com/single-post/2017/06/08/cornerstone-discoverys-insights-from-techno-security-digital-forensic-confrence,https://cornerstonediscovery.com/cornerstone-discoverys-insights-from-techno-security-digital-forensic-conference/,301,FALSE,FALSE,FALSE,FALSE
www.thetechgazette.com/single-post/2017/06/14/cornerstone-presents-at-cle-alexa-body-cams-other-technology-free-download,https://cornerstonediscovery.com/cornerstone-presents-at-cle-alexa-body-cams-other-technology-free-download/,301,FALSE,FALSE,FALSE,FALSE
thetechgazette.com/single-post/2017/06/14/cornerstone-presents-at-cle-alexa-body-cams-other-technology-free-download,https://cornerstonediscovery.com/cornerstone-presents-at-cle-alexa-body-cams-other-technology-free-download/,301,FALSE,FALSE,FALSE,FALSE
www.thetechgazette.com/single-post/2017/07/12/help-save-net-neutrality-and-the-open-internet,https://cornerstonediscovery.com/help-save-net-neutrality-and-the-open-internet/,301,FALSE,FALSE,FALSE,FALSE
thetechgazette.com/single-post/2017/07/12/help-save-net-neutrality-and-the-open-internet,https://cornerstonediscovery.com/help-save-net-neutrality-and-the-open-internet/,301,FALSE,FALSE,FALSE,FALSE
www.thetechgazette.com/single-post/2017/07/14/cornerstone-discovery-launches-trial-exhibit-automation-management-app-in-docfolio,https://cornerstonediscovery.com/cornerstone-discovery-launches-trial-exhibit-automation-management-app-in-docfol-io/,301,FALSE,FALSE,FALSE,FALSE
thetechgazette.com/single-post/2017/07/14/cornerstone-discovery-launches-trial-exhibit-automation-management-app-in-docfolio,https://cornerstonediscovery.com/cornerstone-discovery-launches-trial-exhibit-automation-management-app-in-docfol-io/,301,FALSE,FALSE,FALSE,FALSE
www.thetechgazette.com/single-post/2017/08/30/digital-forensic-team-plays-pivotal-role-in-david-creato-jrs-murder-trial-and-guilty-plea,https://cornerstonediscovery.com/digital-forensic-team-plays-pivotal-role-in-david-creato-jr-s-murder-trial-and-guilty-plea/,301,FALSE,FALSE,FALSE,FALSE
thetechgazette.com/single-post/2017/08/30/digital-forensic-team-plays-pivotal-role-in-david-creato-jrs-murder-trial-and-guilty-plea,https://cornerstonediscovery.com/digital-forensic-team-plays-pivotal-role-in-david-creato-jr-s-murder-trial-and-guilty-plea/,301,FALSE,FALSE,FALSE,FALSE
www.thetechgazette.com/single-post/2017/10/06/jason-silva-guest-lectures-cyberlaw-class-at-wilmington-university-free-download,https://cornerstonediscovery.com/jason-silva-guest-lectures-cyberlaw-class-at-wilmington-university-free-download/,301,FALSE,FALSE,FALSE,FALSE
thetechgazette.com/single-post/2017/10/06/jason-silva-guest-lectures-cyberlaw-class-at-wilmington-university-free-download,https://cornerstonediscovery.com/jason-silva-guest-lectures-cyberlaw-class-at-wilmington-university-free-download/,301,FALSE,FALSE,FALSE,FALSE
www.thetechgazette.com/single-post/2017/12/13/location-data-current-state-of-affairs-in-law-practical-impact-in-court-as-presented-to-f,https://cornerstonediscovery.com/location-data-current-state-of-affairs-in-law-practical-impact-in-court-as-presented-to-fede/,301,FALSE,FALSE,FALSE,FALSE
thetechgazette.com/single-post/2017/12/13/location-data-current-state-of-affairs-in-law-practical-impact-in-court-as-presented-to-f,https://cornerstonediscovery.com/location-data-current-state-of-affairs-in-law-practical-impact-in-court-as-presented-to-fede/,301,FALSE,FALSE,FALSE,FALSE
www.thetechgazette.com/single-post/2018/05/18/ibm-boldly-tackles-company-information-security-what-you-can-learn,https://cornerstonediscovery.com/ibm-boldly-tackles-company-information-security-what-you-can-learn/,301,FALSE,FALSE,FALSE,FALSE
thetechgazette.com/single-post/2018/05/18/ibm-boldly-tackles-company-information-security-what-you-can-learn,https://cornerstonediscovery.com/ibm-boldly-tackles-company-information-security-what-you-can-learn/,301,FALSE,FALSE,FALSE,FALSE
www.thetechgazette.com/single-post/2018/09/19/results-are-in-visit-us-at-the-borgata,https://cornerstonediscovery.com/results-are-in-visit-us-at-the-borgata/,301,FALSE,FALSE,FALSE,FALSE
thetechgazette.com/single-post/2018/09/19/results-are-in-visit-us-at-the-borgata,https://cornerstonediscovery.com/results-are-in-visit-us-at-the-borgata/,301,FALSE,FALSE,FALSE,FALSE
www.thetechgazette.com/single-post/2018/12/07/boutique-law-firm-case-study-partnership-for-growth,https://cornerstonediscovery.com/boutique-law-firm-seeks-bigger-results/,301,FALSE,FALSE,FALSE,FALSE
thetechgazette.com/single-post/2018/12/07/boutique-law-firm-case-study-partnership-for-growth,https://cornerstonediscovery.com/boutique-law-firm-seeks-bigger-results/,301,FALSE,FALSE,FALSE,FALSE
www.thetechgazette.com/single-post/2019/02/08/brand-new-computer-leads-to-inadvertent-data-breach,https://cornerstonediscovery.com/brand-new-computer-sale-leads-to-inadvertent-corporate-data-breach/,301,FALSE,FALSE,FALSE,FALSE
thetechgazette.com/single-post/2019/02/08/brand-new-computer-leads-to-inadvertent-data-breach,https://cornerstonediscovery.com/brand-new-computer-sale-leads-to-inadvertent-corporate-data-breach/,301,FALSE,FALSE,FALSE,FALSE
www.thetechgazette.com/single-post/2019/02/13/cellhawk-s-state-of-the-art-cdr-mapping-and-analysis-technology-delivers-superior-results,https://cornerstonediscovery.com/cellhawks-state-of-the-art-cdr-mapping-and-analysis-technology-delivers-superior-results/,301,FALSE,FALSE,FALSE,FALSE
thetechgazette.com/single-post/2019/02/13/cellhawk-s-state-of-the-art-cdr-mapping-and-analysis-technology-delivers-superior-results,https://cornerstonediscovery.com/cellhawks-state-of-the-art-cdr-mapping-and-analysis-technology-delivers-superior-results/,301,FALSE,FALSE,FALSE,FALSE
www.thetechgazette.com/single-post/2019/03/31/corporate-investigation-produces-big-results,https://cornerstonediscovery.com/corporate-investigation-produces-big-results/,301,FALSE,FALSE,FALSE,FALSE
thetechgazette.com/single-post/2019/03/31/corporate-investigation-produces-big-results,https://cornerstonediscovery.com/corporate-investigation-produces-big-results/,301,FALSE,FALSE,FALSE,FALSE
www.thetechgazette.com/single-post/today-is-the-5th-annual-e-discovery-day,https://cornerstonediscovery.com/today-is-the-5th-annual-e-discovery-day/,301,FALSE,FALSE,FALSE,FALSE
thetechgazette.com/single-post/today-is-the-5th-annual-e-discovery-day,https://cornerstonediscovery.com/today-is-the-5th-annual-e-discovery-day/,301,FALSE,FALSE,FALSE,FALSE
www.thetechgazette.com/single-post/2020/05/29/cornerstone-discovery-digital-forensic-experts-featured-in-the-pacdl-may-issue-of-for-the,https://cornerstonediscovery.com/cornerstone-discovery-digital-forensic-experts-featured-in-the-pacdl-may-issue-of-for-the-defe/,301,FALSE,FALSE,FALSE,FALSE
thetechgazette.com/single-post/2020/05/29/cornerstone-discovery-digital-forensic-experts-featured-in-the-pacdl-may-issue-of-for-the,https://cornerstonediscovery.com/cornerstone-discovery-digital-forensic-experts-featured-in-the-pacdl-may-issue-of-for-the-defe/,301,FALSE,FALSE,FALSE,FALSE
www.thetechgazette.com/single-post/2020/06/02/ios-device-jailbreak-exploit-is-a-game-changer-for-investigators-e28094-and-your-case,https://cornerstonediscovery.com/ios-device-jailbreak-exploit-is-a-game-changer-for-investigators-and-your-case/,301,FALSE,FALSE,FALSE,FALSE
thetechgazette.com/single-post/2020/06/02/ios-device-jailbreak-exploit-is-a-game-changer-for-investigators-e28094-and-your-case,https://cornerstonediscovery.com/ios-device-jailbreak-exploit-is-a-game-changer-for-investigators-and-your-case/,301,FALSE,FALSE,FALSE,FALSE
www.thetechgazette.com/single-post/2020/08/05/sierra-joins-cornerstone-discovery-s-team-as-nation-s-leading-expert-in-cell-site-forensi,https://cornerstonediscovery.com/sierra-joins-cornerstone-discoverys-team-as-nations-leading-expert-in-cell-site-forensics/,301,FALSE,FALSE,FALSE,FALSE
thetechgazette.com/single-post/2020/08/05/sierra-joins-cornerstone-discovery-s-team-as-nation-s-leading-expert-in-cell-site-forensi,https://cornerstonediscovery.com/sierra-joins-cornerstone-discoverys-team-as-nations-leading-expert-in-cell-site-forensics/,301,FALSE,FALSE,FALSE,FALSE
www.thetechgazette.com/single-post/2020/08/27/cornerstone-discovery-voted-1-in-digital-forensics-corporate-investigations-two-years-i,https://cornerstonediscovery.com/cornerstone-discovery-voted-1-in-digital-forensics-corporate-investigations-two-years-in-a/,301,FALSE,FALSE,FALSE,FALSE
thetechgazette.com/single-post/2020/08/27/cornerstone-discovery-voted-1-in-digital-forensics-corporate-investigations-two-years-i,https://cornerstonediscovery.com/cornerstone-discovery-voted-1-in-digital-forensics-corporate-investigations-two-years-in-a/,301,FALSE,FALSE,FALSE,FALSE
www.thetechgazette.com/single-post/2020/10/20/LEARN-HOW-TO-SECURE-AND-INTRODUCE-CELLULAR-RECORDS-IN-CRIMINAL-CASES-THIS-FRIDAY,https://cornerstonediscovery.com/learn-how-to-secure-and-introduce-cellular-records-in-criminal-cases-this-friday/,301,FALSE,FALSE,FALSE,FALSE
thetechgazette.com/single-post/2020/10/20/LEARN-HOW-TO-SECURE-AND-INTRODUCE-CELLULAR-RECORDS-IN-CRIMINAL-CASES-THIS-FRIDAY,https://cornerstonediscovery.com/learn-how-to-secure-and-introduce-cellular-records-in-criminal-cases-this-friday/,301,FALSE,FALSE,FALSE,FALSE
www.thetechgazette.com/single-post/2020/10/20/learn-how-to-secure-and-introduce-cellular-records-in-criminal-cases-this-friday,https://cornerstonediscovery.com/learn-how-to-secure-and-introduce-cellular-records-in-criminal-cases-this-friday/,301,FALSE,FALSE,FALSE,FALSE
thetechgazette.com/single-post/2020/10/20/learn-how-to-secure-and-introduce-cellular-records-in-criminal-cases-this-friday,https://cornerstonediscovery.com/learn-how-to-secure-and-introduce-cellular-records-in-criminal-cases-this-friday/,301,FALSE,FALSE,FALSE,FALSE
www.thetechgazette.com/single-post/2020/10/23/don-t-diy-why-you-should-never-attempt-to-collect-digital-evidence-without-expert-assista,https://cornerstonediscovery.com/dont-diy-why-you-should-never-attempt-to-collect-digital-evidence-without-expert-assistance/,301,FALSE,FALSE,FALSE,FALSE
thetechgazette.com/single-post/2020/10/23/don-t-diy-why-you-should-never-attempt-to-collect-digital-evidence-without-expert-assista,https://cornerstonediscovery.com/dont-diy-why-you-should-never-attempt-to-collect-digital-evidence-without-expert-assistance/,301,FALSE,FALSE,FALSE,FALSE
www.thetechgazette.com/single-post/in-the-wrong-hands-pelosi-s-laptop-could-contain-a-wealth-of-information,https://cornerstonediscovery.com/in-the-wrong-hands-pelosis-laptop-could-contain-a-wealth-of-information/,301,FALSE,FALSE,FALSE,FALSE
thetechgazette.com/single-post/in-the-wrong-hands-pelosi-s-laptop-could-contain-a-wealth-of-information,https://cornerstonediscovery.com/in-the-wrong-hands-pelosis-laptop-could-contain-a-wealth-of-information/,301,FALSE,FALSE,FALSE,FALSE
